,City,Lat,Lng,Max Temp,Humidity,Cloudiness,Wind Speed,Country,Date
0,Sechura,-5.56,-80.82,77.58,68,94,6.11,PE,1585854438
1,Matagami,49.75,-77.63,39.2,64,75,10.29,CA,1585854152
2,Puerto Ayora,-0.74,-90.35,84.2,70,20,11.41,EC,1585854205
3,Plaine Magnien,-20.43,57.65,78.8,88,75,6.69,MU,1585854438
4,Butaritari,3.07,172.79,82.94,76,59,8.7,KI,1585854438
5,Broome,42.25,-75.83,44.6,48,40,14.99,US,1585854438
6,Kapaa,22.08,-159.32,73.99,88,20,3.36,US,1585854438
7,Lebu,-37.62,-73.65,64.53,52,0,19.62,CL,1585854438
8,Chokurdakh,70.63,147.92,-7.22,91,96,6.78,RU,1585854438
9,Kisangani,0.52,25.2,83.48,56,98,1.28,CD,1585854439
10,Dauphin,51.15,-100.05,14.0,72,1,12.75,CA,1585854439
11,Gornopravdinsk,60.05,69.9,25.39,95,79,10.25,RU,1585854439
12,Petropavlovsk-Kamchatskiy,53.05,158.65,33.8,74,75,11.18,RU,1585854439
13,Nouadhibou,20.93,-17.03,68.0,82,87,18.34,MR,1585854439
14,Dikson,73.51,80.55,18.09,93,100,27.89,RU,1585854439
15,Bluff,-46.6,168.33,53.01,95,49,3.0,NZ,1585854439
16,Hithadhoo,-0.6,73.08,84.65,71,38,5.37,MV,1585854439
17,Port Alfred,-33.59,26.89,66.99,80,12,5.01,ZA,1585854439
18,Tiksi,71.69,128.87,-5.6,89,84,2.46,RU,1585854439
19,Porto Belo,-27.16,-48.55,82.99,83,100,6.93,BR,1585854439
20,Copala,16.65,-98.98,86.04,46,1,9.82,MX,1585854439
21,Rikitea,-23.12,-134.97,77.18,72,6,5.46,PF,1585854439
22,Portland,45.52,-122.68,50.0,70,75,3.69,US,1585854152
23,Jamestown,42.1,-79.24,51.8,48,40,14.99,US,1585854439
24,Punta Arenas,-53.15,-70.92,62.6,48,96,19.46,CL,1585854311
25,Rawson,-43.3,-65.1,69.71,31,0,9.86,AR,1585854440
26,Taoudenni,22.68,-3.98,97.38,9,100,8.41,ML,1585854440
27,Klaksvík,62.23,-6.59,32.0,84,99,21.92,FO,1585854200
28,Ximeicun,24.96,118.38,60.8,93,40,2.24,CN,1585854440
29,Mataura,-46.19,168.86,53.01,95,61,3.0,NZ,1585854440
30,Vaini,-21.2,-175.2,73.4,94,90,10.07,TO,1585854196
31,Ilulissat,69.22,-51.1,1.4,59,20,5.82,GL,1585854440
32,Olympia,47.04,-122.9,48.99,78,75,9.17,US,1585854431
33,Provideniya,64.38,-173.3,20.14,95,99,6.02,RU,1585854440
34,Mashhad,36.3,59.61,59.0,54,20,9.17,IR,1585854432
35,Cape Town,-33.93,18.42,68.0,77,0,10.29,ZA,1585854140
36,Beringovskiy,63.05,179.32,27.91,98,100,17.4,RU,1585854440
37,Khatanga,71.97,102.5,10.44,90,80,19.86,RU,1585854440
38,Dingle,11.0,122.67,78.13,83,7,8.79,PH,1585854440
39,Longyearbyen,78.22,15.64,-2.2,77,75,5.82,SJ,1585854440
40,Obo,5.4,26.49,73.56,62,96,2.98,CF,1585854440
41,Gobabis,-22.45,18.97,64.4,88,68,18.34,NA,1585854441
42,Saint-Philippe,-21.36,55.77,77.0,88,30,8.05,RE,1585854441
43,Aklavik,68.22,-135.01,10.4,46,5,16.11,CA,1585854441
44,Hobart,-42.88,147.33,60.8,67,40,14.99,AU,1585854441
45,Aparecida do Taboado,-20.09,-51.09,87.51,54,61,6.64,BR,1585854441
46,Omiš,43.44,16.69,48.2,42,0,3.36,HR,1585854441
47,Northam,51.03,-4.22,51.8,76,75,9.17,GB,1585854441
48,Khovd,48.01,91.64,29.25,43,0,4.97,MN,1585854441
49,Pisco,-13.7,-76.22,80.01,30,35,8.05,PE,1585854441
50,Capreol,46.71,-80.92,44.6,39,5,10.29,CA,1585854441
51,Norman Wells,65.28,-126.83,8.6,46,5,29.97,CA,1585854441
52,Sorong,-0.88,131.25,77.49,85,100,4.54,ID,1585854441
53,Barrow,71.29,-156.79,6.8,84,1,12.75,US,1585854302
54,Mahébourg,-20.41,57.7,78.8,88,75,7.07,MU,1585854442
55,Kawalu,-7.38,108.21,74.34,83,100,2.08,ID,1585854443
56,Houma,29.6,-90.72,79.0,47,40,9.17,US,1585854312
57,Fortuna,40.6,-124.16,54.0,61,1,12.75,US,1585854443
58,Inyonga,-6.72,32.07,68.74,65,100,2.89,TZ,1585854443
59,Thompson,55.74,-97.86,32.0,94,90,8.05,CA,1585854186
60,Ushuaia,-54.8,-68.3,55.13,68,73,12.15,AR,1585854261
61,Ingham,42.6,-84.38,59.0,28,1,8.05,US,1585854443
62,Torbay,47.67,-52.73,42.01,100,90,14.99,CA,1585854316
63,Biak,-0.91,122.88,78.93,76,98,1.32,ID,1585854443
64,Qaanaaq,77.48,-69.36,-1.25,84,98,9.15,GL,1585854443
65,Poum,-20.23,164.02,78.89,85,100,20.0,NC,1585854443
66,Lüderitz,-26.65,15.16,68.0,64,1,4.7,NA,1585854245
67,Bredasdorp,-34.53,20.04,66.99,82,0,8.05,ZA,1585854444
68,Alofi,-19.06,-169.92,75.2,94,100,2.24,NU,1585854444
69,Vostok,46.49,135.88,20.01,80,4,11.36,RU,1585854444
70,Goderich,43.75,-81.72,46.0,76,53,12.66,CA,1585854253
71,New Norfolk,-42.78,147.06,60.8,67,40,14.99,AU,1585854444
72,Carnarvon,-24.87,113.63,71.6,73,17,18.34,AU,1585854233
73,Khani,41.96,42.96,44.6,93,90,5.82,GE,1585854444
74,Albany,42.6,-73.97,55.4,35,90,21.92,US,1585854348
75,Mendi,-6.18,143.65,52.34,54,90,2.53,PG,1585854444
76,Hermanus,-34.42,19.23,68.0,68,0,4.0,ZA,1585854444
77,Loreto,22.27,-101.97,76.55,14,0,9.01,MX,1585854444
78,Bethel,41.37,-73.41,57.0,43,1,20.8,US,1585854444
79,Guerrero Negro,27.98,-114.06,65.25,61,73,14.18,MX,1585854205
80,Busselton,-33.65,115.33,55.0,50,64,11.81,AU,1585854444
81,Fairbanks,64.84,-147.72,27.0,72,90,1.41,US,1585854444
82,Lavrentiya,65.58,-171.0,13.77,96,76,1.7,RU,1585854444
83,Isabela,6.71,121.97,77.0,83,20,2.24,PH,1585854445
84,Mareeba,-17.0,145.43,71.6,88,13,8.05,AU,1585854445
85,Damaturu,11.75,11.96,97.77,12,75,6.13,NG,1585854445
86,East London,-33.02,27.91,68.77,74,38,20.27,ZA,1585854445
87,Karasburg,-28.02,18.75,78.76,12,0,7.0,NA,1585854445
88,Guadalupe,25.68,-100.25,84.2,65,75,5.82,MX,1585854357
89,George Town,5.41,100.34,82.4,94,20,2.89,MY,1585854187
90,Tuktoyaktuk,69.45,-133.04,1.4,64,5,26.4,CA,1585854445
91,Cidreira,-30.18,-50.21,74.44,78,70,21.56,BR,1585854445
92,Saskylakh,71.92,114.08,-12.46,85,0,8.34,RU,1585854445
93,Port Elizabeth,-33.92,25.57,66.2,77,0,17.22,ZA,1585854425
94,Collie,-33.37,116.15,55.0,50,12,2.77,AU,1585854445
95,Iqaluit,63.75,-68.51,3.2,59,5,5.82,CA,1585854445
96,Glenwood Springs,39.55,-107.32,39.2,34,90,13.87,US,1585854445
97,Puerto de la Cruz,28.41,-16.55,68.0,82,20,5.82,ES,1585854205
98,Bilma,18.69,12.92,92.64,11,5,6.22,NE,1585854445
99,Hasaki,35.73,140.83,35.6,46,20,3.36,JP,1585854446
100,Visnes,59.36,5.22,41.0,70,40,27.51,NO,1585854446
101,Avilés,43.55,-5.92,53.01,81,75,4.7,ES,1585854446
102,Tabuk,17.42,121.44,73.04,84,15,0.34,PH,1585854446
103,Makkah al Mukarramah,21.43,39.83,80.02,30,1,4.52,SA,1585854446
104,Cherskiy,68.75,161.3,1.15,93,95,7.07,RU,1585854446
105,Nelson Bay,-32.72,152.15,66.0,93,46,3.36,AU,1585854446
106,Kirakira,-10.45,161.92,81.09,85,100,23.87,SB,1585854446
107,Waupun,43.63,-88.73,59.0,43,1,5.82,US,1585854446
108,Castro,-24.79,-50.01,82.31,35,47,8.97,BR,1585854446
109,Ketchikan,55.34,-131.65,35.6,51,1,3.36,US,1585854446
110,Okhotsk,59.38,143.3,22.15,97,100,7.29,RU,1585854446
111,Kruisfontein,-34.0,24.73,64.96,78,0,15.32,ZA,1585854212
112,Elizabeth City,36.29,-76.25,62.6,29,20,21.92,US,1585854447
113,Kulhudhuffushi,6.62,73.07,84.18,64,78,5.68,MV,1585854447
114,Saint-Augustin,51.23,-58.65,37.81,95,98,16.08,CA,1585854447
115,Esperance,-33.87,121.9,57.2,82,75,16.11,AU,1585854447
116,Jinka,5.65,36.65,67.39,57,72,5.35,ET,1585854447
117,Rocha,-34.48,-54.33,65.08,61,94,27.65,UY,1585854447
118,Yellowknife,62.46,-114.35,-2.99,64,90,12.75,CA,1585854447
119,Mandalgovi,45.76,106.27,37.62,33,0,10.09,MN,1585854447
120,São Filipe,14.9,-24.5,76.37,67,99,10.22,CV,1585854447
121,Bambous Virieux,-20.34,57.76,78.8,88,75,7.47,MU,1585854201
122,Port Hardy,50.7,-127.42,42.8,70,75,4.7,CA,1585854448
123,Omboué,-1.57,9.26,80.31,87,51,8.99,GA,1585854448
124,Caraquet,47.79,-64.94,37.0,93,90,11.41,CA,1585854448
125,Camacupa,-12.02,17.48,65.34,65,99,4.45,AO,1585854448
126,Taltal,-25.4,-70.48,69.57,63,41,4.79,CL,1585854197
127,Cabo San Lucas,22.89,-109.91,84.2,24,5,11.41,MX,1585854212
128,Chapais,49.78,-74.85,39.2,69,90,9.17,CA,1585854214
129,Margate,51.38,1.39,53.01,62,40,8.05,GB,1585854448
130,Labuhan,-6.88,112.21,80.01,78,78,1.01,ID,1585854448
131,Nuuk,64.18,-51.72,15.8,56,5,23.04,GL,1585854448
132,Agüimes,27.91,-15.45,66.99,68,20,14.99,ES,1585854448
133,Tasiilaq,65.61,-37.64,24.8,49,5,5.82,GL,1585854215
134,General Roca,-39.03,-67.58,75.34,17,0,7.54,AR,1585854448
135,Pacific Grove,36.62,-121.92,62.01,41,1,11.41,US,1585854449
136,Inhambane,-23.86,35.38,73.4,94,40,5.82,MZ,1585854449
137,Bubaque,11.28,-15.83,80.17,68,1,16.67,GW,1585854450
138,Codrington,-38.27,141.97,59.09,80,100,13.69,AU,1585854450
139,Avarua,-21.21,-159.78,80.6,88,40,2.24,CK,1585854450
140,Rockhampton,-23.38,150.5,71.6,88,2,5.82,AU,1585854450
141,Sitka,57.05,-135.33,35.6,47,1,1.77,US,1585854450
142,Hagenow,53.43,11.18,48.0,70,75,13.87,DE,1585854450
143,Dunedin,-45.87,170.5,53.01,83,47,3.58,NZ,1585854450
144,Thurso,58.59,-3.53,39.2,76,98,17.22,GB,1585854450
145,Faanui,-16.48,-151.75,82.4,77,9,14.27,PF,1585854450
146,Nortelândia,-14.45,-56.8,92.66,52,27,0.94,BR,1585854450
147,Mossamedes,-15.2,12.15,74.59,71,13,6.98,AO,1585854450
148,Tessalit,20.2,1.01,89.35,8,0,9.01,ML,1585854450
149,Buchanan,5.88,-10.05,87.8,70,75,12.75,LR,1585854450
150,Ubari,26.59,12.78,81.28,12,0,6.82,LY,1585854450
151,Morondava,-20.28,44.28,78.57,80,1,10.58,MG,1585854450
152,Pokosnoye,55.53,101.05,30.15,85,0,3.65,RU,1585854451
153,Kahului,20.89,-156.47,73.99,69,20,3.36,US,1585854451
154,Båtsfjord,70.63,29.72,14.0,85,60,2.24,NO,1585854184
155,Cascais,38.7,-9.42,61.0,67,20,8.05,PT,1585854312
156,Ponta do Sol,32.67,-17.1,62.6,72,75,10.29,PT,1585854451
157,Kloulklubed,7.04,134.26,80.6,78,75,6.93,PW,1585854451
158,Bengkulu,-3.8,102.27,78.82,79,100,3.6,ID,1585854451
159,Atuona,-9.8,-139.03,82.2,77,43,15.59,PF,1585854451
160,Shinpokh,34.33,71.18,60.8,63,20,4.7,PK,1585854451
161,Mackay,-21.15,149.2,69.8,94,40,4.7,AU,1585854451
162,Surgut,61.25,73.42,30.2,86,40,22.37,RU,1585854336
163,San Luis,-33.3,-66.34,71.8,20,21,7.94,AR,1585854267
164,Gibsons,49.4,-123.5,44.01,60,75,11.41,CA,1585854329
165,Upernavik,72.79,-56.15,-1.35,88,33,11.92,GL,1585854451
166,Kaitangata,-46.28,169.85,52.0,83,79,2.26,NZ,1585854452
167,Dudinka,69.41,86.18,28.4,86,90,42.5,RU,1585854452
168,Yurimaguas,-5.9,-76.08,48.2,100,40,3.36,PE,1585854452
169,Hay River,60.82,-115.8,-7.6,63,75,8.05,CA,1585854452
170,Jerome,42.72,-114.52,46.0,51,1,20.8,US,1585854452
171,Ribeira Grande,38.52,-28.7,61.41,88,100,11.68,PT,1585854452
172,Faya,18.39,42.45,68.0,82,9,4.29,SA,1585854452
173,Khuzhir,53.19,107.34,30.02,82,3,5.46,RU,1585854452
174,Udalguri,26.77,92.13,76.71,27,29,7.29,IN,1585854452
175,Parrita,9.52,-84.32,84.2,45,75,4.7,CR,1585854453
176,Mitsamiouli,-11.38,43.28,82.98,71,3,8.23,KM,1585854453
177,Almaznyy,48.04,40.05,41.0,32,0,6.71,RU,1585854453
178,Coquimbo,-29.95,-71.34,66.2,68,75,14.99,CL,1585854453
179,Yulara,-25.24,130.99,75.2,60,64,5.82,AU,1585854453
180,Constitución,-35.33,-72.42,73.29,29,0,13.42,CL,1585854453
181,Khudumelapye,-23.88,24.75,71.2,37,31,11.36,BW,1585854453
182,Port Hueneme,34.15,-119.2,66.99,72,40,4.7,US,1585854181
183,Ostrovnoy,68.05,39.51,16.03,94,83,7.96,RU,1585854219
184,Khasan,42.43,130.64,42.71,60,3,7.67,RU,1585854453
185,Banda Aceh,5.56,95.32,80.22,82,65,4.38,ID,1585854191
186,Grand Gaube,-20.01,57.66,78.8,88,75,6.93,MU,1585854255
187,Zhalantun,48.0,122.72,44.01,70,49,3.0,CN,1585854453
188,Dukat,62.55,155.55,2.53,86,86,2.82,RU,1585854453
189,Saint-Pierre,-21.34,55.48,77.0,88,51,8.05,RE,1585854453
190,Mar del Plata,-38.0,-57.56,66.0,52,40,20.8,AR,1585854453
191,Pout,14.77,-17.06,86.0,33,32,20.8,SN,1585854453
192,Ekhabi,53.51,142.97,28.56,94,100,17.05,RU,1585854454
193,Belmonte,-15.86,-38.88,86.0,70,40,13.87,BR,1585854230
194,Clyde River,70.47,-68.59,-4.0,76,5,3.36,CA,1585854221
195,Boké,10.94,-14.3,91.35,39,58,13.82,GN,1585854454
196,Vao,-22.67,167.48,75.99,83,100,22.3,NC,1585854454
197,Nagato,34.38,131.2,46.4,87,75,4.7,JP,1585854454
198,Mount Isa,-20.73,139.5,73.4,56,7,4.7,AU,1585854454
199,Pau Brasil,-15.46,-39.65,82.81,75,57,2.66,BR,1585854454
200,Saldanha,-33.01,17.94,77.0,27,0,11.41,ZA,1585854454
201,Mitú,1.2,-70.17,85.01,69,99,2.04,CO,1585854454
202,Turaif,31.67,38.66,60.8,55,44,6.93,SA,1585854454
203,Mékhé,15.11,-16.62,107.6,18,42,11.41,SN,1585854454
204,Stabat,3.76,98.45,80.6,88,40,2.24,ID,1585854455
205,Sisimiut,66.94,-53.67,8.44,81,6,11.3,GL,1585854455
206,Nanortalik,60.14,-45.24,25.65,81,0,14.54,GL,1585854455
207,Kaoma,-14.78,24.8,66.49,58,30,5.55,ZM,1585854455
208,La Santisima Trinidad,-14.83,-64.9,93.2,59,40,1.72,BO,1585854348
209,Aleksandrov Gay,50.15,48.57,40.44,61,0,7.65,RU,1585854455
210,Preobrazheniye,42.9,133.91,38.21,73,29,6.98,RU,1585854455
211,Östersund,63.18,14.64,26.6,92,90,27.51,SE,1585854455
212,Hilo,19.73,-155.09,73.99,68,1,3.36,US,1585854455
213,Berlevåg,70.86,29.09,15.8,92,57,3.36,NO,1585854455
214,Guáimaro,21.05,-77.35,88.45,44,33,6.4,CU,1585854455
215,Airai,-8.93,125.41,61.18,70,73,1.45,TL,1585854455
216,Pochutla,15.74,-96.47,91.99,52,40,11.41,MX,1585854455
217,Cabra,37.47,-4.44,57.2,71,95,3.36,ES,1585854455
218,Warri,5.52,5.75,83.08,76,85,7.4,NG,1585854456
219,Manokwari,-0.87,134.08,79.79,76,99,3.51,ID,1585854456
220,Kuril'sk,45.23,147.88,28.72,94,100,21.7,RU,1585854456
221,Tilichiki,60.47,166.1,4.15,90,1,5.73,RU,1585854456
222,Juazeiro,-9.41,-40.5,86.0,58,75,6.93,BR,1585854456
223,Lata,40.16,-8.33,60.01,67,20,9.17,PT,1585854239
224,Port Macquarie,-31.43,152.92,66.2,100,72,6.71,AU,1585854456
225,Magistral'nyy,56.17,107.45,24.98,93,30,2.21,RU,1585854456
226,Kiruna,67.86,20.23,19.4,85,100,3.71,SE,1585854456
227,Cayenne,4.93,-52.33,80.6,83,90,7.49,GF,1585854186
228,Mahon,39.89,4.27,55.4,82,20,6.93,ES,1585854456
229,Nikolskoye,59.7,30.79,39.2,86,20,6.71,RU,1585854456
230,Vila Velha,-20.33,-40.29,84.99,79,20,12.75,BR,1585854241
231,Richards Bay,-28.78,32.04,67.84,70,39,6.42,ZA,1585854225
232,Grindavik,63.84,-22.43,32.0,58,40,18.34,IS,1585854456
233,Rodolfo Sánchez Taboada,31.72,-116.57,64.99,72,15,3.0,MX,1585854456
234,Oodweyne,9.41,45.06,81.81,37,53,8.05,SO,1585854456
235,Ádánd,46.86,18.16,42.6,62,2,5.95,HU,1585854456
236,Frankfort,-27.27,28.48,61.12,27,82,11.07,ZA,1585854456
237,Tura,25.52,90.22,74.39,27,7,3.49,IN,1585854457
238,Muisne,0.6,-80.03,86.0,79,20,5.82,EC,1585854457
239,Saint-François,46.42,3.91,50.0,43,0,4.7,FR,1585854457
240,Digha,21.68,87.55,82.6,76,14,17.43,IN,1585854457
241,Narsaq,60.92,-46.05,28.4,42,75,6.93,GL,1585854207
242,Bodden Town,19.28,-81.25,84.99,65,20,5.82,KY,1585854303
243,João Pinheiro,-17.74,-46.17,82.11,48,6,4.94,BR,1585854457
244,Naryan-Mar,67.67,53.09,8.47,94,58,5.08,RU,1585854457
245,Severo-Kuril'sk,50.68,156.12,31.68,97,100,37.2,RU,1585854457
246,Moose Factory,51.26,-80.61,37.4,69,90,10.29,CA,1585854457
247,Havøysund,71.0,24.66,24.8,58,20,8.05,NO,1585854457
248,Seoul,37.57,126.98,44.6,93,17,3.36,KR,1585854301
249,Oranjemund,-28.55,16.43,69.49,49,0,8.93,NA,1585854457
250,San Joaquin,10.26,-67.79,82.85,48,67,5.06,VE,1585854457
251,Port Blair,11.67,92.75,82.44,66,26,2.39,IN,1585854457
252,Sarakhs,36.54,61.16,66.2,52,8,4.7,IR,1585854457
253,Synya,65.37,58.04,22.26,97,100,3.02,RU,1585854457
254,Acaraú,-2.89,-40.12,83.53,81,99,9.19,BR,1585854458
255,Ust'-Omchug,61.15,149.63,-1.17,83,38,2.13,RU,1585854458
256,Yangi Marg`ilon,40.43,71.72,51.8,62,0,6.93,UZ,1585854458
257,Saint Paul Harbor,57.79,-152.41,39.2,86,90,4.7,US,1585854458
258,Mocuba,-16.84,36.99,70.5,90,15,3.09,MZ,1585854458
259,Kropotkin,45.44,40.58,44.46,57,93,5.37,RU,1585854362
260,Mogadishu,2.04,45.34,83.14,75,10,14.12,SO,1585854213
261,Bay Roberts,47.6,-53.26,42.01,93,75,11.41,CA,1585854458
262,Caraballeda,10.61,-66.85,87.8,62,75,5.82,VE,1585854458
263,Superior,46.72,-92.1,55.4,80,40,17.22,US,1585854305
264,San Patricio,19.22,-104.7,86.0,74,5,23.04,MX,1585854458
265,Ouégoa,-20.35,164.43,77.63,84,100,11.7,NC,1585854458
266,Port-Gentil,-0.72,8.78,82.47,81,32,12.1,GA,1585854458
267,Tuatapere,-46.13,167.68,53.01,95,42,3.0,NZ,1585854458
268,Vardø,70.37,31.11,15.8,92,62,3.36,NO,1585854459
269,Keningau,5.34,116.16,78.8,88,20,3.36,MY,1585854459
270,Torzhok,57.04,34.96,36.1,89,100,10.18,RU,1585854459
271,Saint Anthony,45.02,-93.22,60.01,50,90,14.99,US,1585854442
272,Ojinaga,29.57,-104.42,82.4,13,1,6.93,MX,1585854459
273,Batagay-Alyta,67.8,130.41,-7.82,78,90,2.46,RU,1585854459
274,Aksarka,66.56,67.8,16.41,94,70,11.95,RU,1585854459
275,Te Anau,-45.42,167.72,48.79,78,26,1.34,NZ,1585854214
276,Orlik,52.52,99.83,21.65,58,31,3.2,RU,1585854459
277,Chicama,-7.84,-79.15,75.2,73,20,11.41,PE,1585854459
278,Lompoc,34.64,-120.46,66.0,34,0,12.75,US,1585854459
279,Tulare,36.27,-118.8,60.01,47,1,6.93,US,1585854459
280,Fare,-16.7,-151.02,83.16,77,30,14.07,PF,1585854459
281,Soyo,-6.13,12.37,81.19,81,89,4.32,AO,1585854459
282,Yeppoon,-23.13,150.73,71.6,88,8,5.82,AU,1585854459
283,Kwang Binh,17.48,106.6,75.29,92,13,4.52,VN,1585854459
284,Hamilton,39.18,-84.53,60.8,38,1,4.9,US,1585854412
285,Camocim,-2.9,-40.84,84.54,78,87,7.31,BR,1585854460
286,Lampazos de Naranjo,27.02,-100.52,85.48,46,23,6.46,MX,1585854460
287,Ellisras,-23.66,27.74,70.07,31,61,11.56,ZA,1585854460
288,Sinjār,36.32,41.88,57.27,59,5,3.4,IQ,1585854460
289,Rock Sound,24.9,-76.2,72.3,61,16,10.16,BS,1585854460
290,Qaqortoq,60.72,-46.03,28.4,42,75,6.93,GL,1585854277
291,Palembang,-2.92,104.75,75.65,96,44,1.34,ID,1585854460
292,Totness,5.88,-56.32,82.44,74,79,12.03,SR,1585854460
293,Pacifica,37.61,-122.49,63.0,37,1,10.29,US,1585854460
294,Gouré,13.98,10.27,99.0,13,63,5.17,NE,1585854460
295,Ahipara,-35.17,173.17,60.08,72,0,6.24,NZ,1585854460
296,Amapá,1.0,-52.0,73.08,93,100,6.55,BR,1585854460
297,Biltine,14.53,20.92,88.93,10,32,5.68,TD,1585854460
298,Provincia di Genova,44.5,9.07,51.8,53,0,3.36,IT,1585854460
299,Pierre,44.37,-100.35,17.6,72,90,26.4,US,1585854460
300,Makakilo City,21.35,-158.09,78.8,73,1,4.7,US,1585854246
301,Talnakh,69.49,88.4,28.4,86,90,42.5,RU,1585854461
302,Bathsheba,13.22,-59.52,79.03,71,76,14.09,BB,1585854461
303,Tāndā,26.55,82.65,78.19,18,0,9.33,IN,1585854461
304,Kedrovyy,56.17,91.82,50.0,25,3,8.95,RU,1585854461
305,Marihatag,8.79,126.3,77.52,83,42,6.93,PH,1585854461
306,Mount Gambier,-37.83,140.77,57.2,87,40,9.17,AU,1585854461
307,Ancud,-41.87,-73.82,62.6,59,6,9.17,CL,1585854461
308,Comodoro Rivadavia,-45.87,-67.5,75.2,31,29,12.75,AR,1585854461
309,Baruun-Urt,46.68,113.28,38.25,40,0,9.04,MN,1585854461
310,Kargasok,59.06,80.86,40.01,88,100,15.28,RU,1585854461
311,Shenjiamen,29.96,122.3,52.54,69,100,3.83,CN,1585854461
312,Ovalle,-30.6,-71.2,83.62,28,0,6.6,CL,1585854461
313,Iquitos,-3.75,-73.25,42.8,100,75,4.7,PE,1585854254
314,Gravdal,68.12,13.5,26.6,63,82,8.05,NO,1585854462
315,Chiredzi,-21.05,31.67,67.06,62,76,5.08,ZW,1585854462
316,Bairiki Village,1.33,172.98,82.67,79,42,10.25,KI,1585854462
317,Muroto-misakicho,33.28,134.15,53.4,60,0,5.41,JP,1585854462
318,Epiniana,39.14,21.61,39.99,78,56,1.01,GR,1585854462
319,Campos Belos,-13.04,-46.77,87.98,46,64,0.22,BR,1585854462
320,Bafia,4.75,11.23,79.54,67,85,3.51,CM,1585854462
321,Sola,-13.88,167.55,77.0,100,90,13.24,VU,1585854462
322,Salalah,17.02,54.09,80.6,83,75,6.93,OM,1585854203
323,Kāvali,14.92,79.98,80.06,79,15,12.08,IN,1585854365
324,Nizwá,22.93,57.53,81.5,23,0,5.17,OM,1585854462
325,Raja,8.46,25.68,88.74,13,98,3.27,SS,1585854462
326,Ugoofaaru,5.67,73.0,84.42,62,10,8.08,MV,1585854235
327,Catia La Mar,10.6,-67.03,87.8,62,75,5.82,VE,1585854462
328,Maturin,9.75,-63.18,94.69,39,89,5.59,VE,1585854462
329,Den Helder,52.96,4.76,48.2,93,90,17.22,NL,1585854463
330,Jiaojiang,28.68,121.44,55.0,95,100,3.65,CN,1585854463
331,Forsytheganj,52.63,29.73,36.86,76,76,8.25,BY,1585854394
332,Puerto Morazán,12.85,-87.17,93.2,49,40,6.93,NI,1585854463
333,De Aar,-30.65,24.01,71.37,28,68,5.84,ZA,1585854463
334,Khanbari,27.37,87.2,65.26,23,42,5.32,NP,1585854463
335,Brae,60.4,-1.35,37.4,64,72,19.46,GB,1585854463
336,Minot,48.23,-101.3,15.01,72,90,20.8,US,1585854463
337,Chui,-33.7,-53.46,66.85,65,77,25.19,UY,1585854463
338,Lebedyn,50.59,34.48,39.99,65,14,6.13,UA,1585854463
339,‘Ewa Beach,21.32,-158.01,78.8,73,1,4.7,US,1585854463
340,Ternate,0.8,127.4,78.67,83,69,5.28,ID,1585854254
341,Vikulovo,56.82,70.61,27.81,94,54,11.45,RU,1585854463
342,Charter Township of Clinton,42.59,-82.92,60.8,35,1,12.75,US,1585854402
343,Leningradskiy,69.38,178.42,0.03,84,0,4.12,RU,1585854216
344,Yichun,47.7,128.9,27.99,75,36,2.82,CN,1585854463
345,Mehrān,33.12,46.16,50.0,66,40,11.14,IR,1585854463
346,Deputatsky,69.3,139.9,-15.2,81,27,3.76,RU,1585854463
347,Bakchar,57.02,82.07,38.35,89,89,11.9,RU,1585854463
348,Elbeuf,49.29,1.0,46.4,75,75,8.05,FR,1585854464
349,Atambua,-9.11,124.89,74.75,78,91,2.42,ID,1585854464
350,Morena,26.5,78.0,75.69,21,0,6.17,IN,1585854464
351,College,64.86,-147.8,28.4,67,90,1.48,US,1585854464
352,Izhma,65.01,53.91,20.71,96,92,3.06,RU,1585854464
353,La Orilla,17.98,-102.23,85.75,47,0,8.41,MX,1585854464
354,Tuban,-6.9,112.06,79.48,79,88,0.72,ID,1585854464
355,Road Town,18.42,-64.62,84.2,62,20,6.93,VG,1585854312
356,Vilyuysk,63.76,121.62,2.26,92,0,5.77,RU,1585854464
357,Sembakung,3.82,117.25,75.76,92,5,1.59,ID,1585854464
358,Alvarães,-3.22,-64.8,82.4,88,40,5.82,BR,1585854464
359,Serenje,-13.23,30.24,57.92,56,0,5.5,ZM,1585854464
360,Manadhoo,5.77,73.38,84.34,62,30,7.02,MV,1585854464
361,Opuwo,-18.06,13.84,79.56,31,39,7.16,NA,1585854256
362,Karratha,-20.74,116.85,84.69,42,11,11.83,AU,1585854404
363,Souillac,-20.52,57.52,78.8,88,75,6.22,MU,1585854464
364,Sagua la Grande,22.81,-80.08,84.2,48,40,5.82,CU,1585854363
365,Morant Bay,17.88,-76.41,84.2,66,20,12.75,JM,1585854464
366,Plettenberg Bay,-34.05,23.37,66.18,78,0,6.33,ZA,1585854464
367,Zhuhai,22.28,113.57,70.0,94,40,17.22,CN,1585854464
368,Desterro,-7.29,-37.09,83.52,54,54,10.22,BR,1585854464
369,Alta Floresta,-9.88,-56.09,91.4,59,40,2.24,BR,1585854180
370,Imatra,61.17,28.75,39.2,69,90,12.75,FI,1585854465
371,Mbaïki,3.87,17.99,83.8,46,77,1.23,CF,1585854465
372,Cairns,-16.92,145.77,71.6,88,22,8.05,AU,1585854465
373,Impfondo,1.64,18.07,77.04,73,87,3.38,CG,1585854465
374,Mabaruma,8.2,-59.78,85.21,64,87,8.16,GY,1585854465
375,Beyneu,45.32,55.2,56.64,57,100,14.45,KZ,1585854465
376,Manzhouli,49.6,117.43,38.23,54,4,13.15,CN,1585854465
377,Orange Cove,36.62,-119.31,64.4,54,0,3.27,US,1585854465
378,Eureka,40.8,-124.16,54.0,57,1,13.87,US,1585854465
379,Bonthe,7.53,-12.51,85.95,70,97,9.95,SL,1585854465
380,Province of Mantua,45.17,10.78,53.6,45,0,3.36,IT,1585854465
381,Cap Malheureux,-19.98,57.61,78.8,88,75,6.93,MU,1585854465
382,Merauke,-8.47,140.33,77.09,93,77,7.52,ID,1585854222
383,Talcahuano,-36.72,-73.12,75.2,41,0,12.75,CL,1585854465
384,Dumka,24.27,87.25,83.55,26,13,3.36,IN,1585854465
385,Erenhot,43.65,111.98,41.38,37,0,7.65,CN,1585854466
386,Paamiut,61.99,-49.67,20.08,84,0,21.68,GL,1585854466
387,Korla,41.76,86.15,50.36,28,100,7.45,CN,1585854212
388,Saint George,37.1,-113.58,55.4,35,1,6.93,US,1585854250
389,Alyangula,-13.85,136.42,73.4,100,1,2.24,AU,1585854466
390,Buraidah,26.33,43.98,80.6,26,20,9.17,SA,1585854466
391,Trincomalee,8.57,81.23,77.16,81,0,6.87,LK,1585854466
392,Shrewsbury,52.71,-2.75,50.0,71,49,9.17,GB,1585854466
393,Bani Walid,31.76,13.99,83.1,13,56,9.15,LY,1585854466
394,San Borja,-14.82,-66.85,95.61,42,54,3.83,BO,1585854466
395,Aswān,24.09,32.91,78.8,16,0,4.7,EG,1585854466
396,Tautira,-17.73,-149.15,84.2,70,9,2.24,PF,1585854466
397,Arraial do Cabo,-22.97,-42.03,84.2,83,40,10.29,BR,1585854466
398,Teacapan,22.55,-105.75,83.91,35,26,4.52,MX,1585854466
399,Nome,64.5,-165.41,21.0,92,90,13.87,US,1585854466
400,Port Hedland,-20.32,118.57,75.2,83,26,1.12,AU,1585854466
401,Bandarbeyla,9.49,50.81,80.2,68,54,8.5,SO,1585854467
402,Mudon,16.26,97.72,76.62,79,2,5.19,MM,1585854467
403,Raudeberg,61.99,5.14,37.4,74,40,20.8,NO,1585854467
404,Waingapu,-9.66,120.26,78.64,77,7,4.59,ID,1585854467
405,Bac Lieu,9.29,105.72,80.76,81,4,12.44,VN,1585854467
406,Sabha,27.04,14.43,79.23,14,0,2.48,LY,1585854467
407,Lensk,60.73,114.93,7.09,90,0,3.2,RU,1585854467
408,Maryville,35.76,-83.97,63.0,44,75,5.53,US,1585854467
409,Burnie,-41.07,145.92,53.01,89,23,3.0,AU,1585854257
410,Eenhana,-17.47,16.33,75.2,83,97,4.7,NA,1585854467
411,Sassandra,4.95,-6.08,82.99,78,99,5.55,CI,1585854467
412,Mehamn,71.04,27.85,24.8,78,39,11.41,NO,1585854467
413,Mayo,38.89,-76.51,62.6,35,75,13.87,US,1585854468
414,Meadow Lake,34.8,-106.54,73.99,16,20,21.92,US,1585854468
415,Garoowe,8.41,48.48,79.56,51,22,18.05,SO,1585854468
416,Basco,20.45,121.97,76.5,84,59,19.28,PH,1585854468
417,Walvis Bay,-22.96,14.51,60.01,94,0,1.01,NA,1585854468
418,Miandrivazo,-19.52,45.47,78.31,70,28,1.7,MG,1585854468
419,Saint-Paul,-21.01,55.27,77.0,94,57,5.82,RE,1585854468
420,Mâncio Lima,-7.61,-72.9,96.04,42,41,1.28,BR,1585854468
421,Mahur,25.17,93.12,67.95,46,1,0.45,IN,1585854366
422,Safita,34.82,36.12,55.99,86,8,3.0,SY,1585854468
423,The Valley,18.22,-63.06,86.0,57,20,10.29,AI,1585854203
424,Hūn,29.13,15.95,81.9,14,1,7.7,LY,1585854468
425,Chara,56.91,118.26,9.09,79,89,6.08,RU,1585854468
426,Viedma,-40.81,-63.0,68.18,36,0,9.26,AR,1585854468
427,Westport,41.14,-73.36,57.99,37,20,24.16,US,1585854382
428,Abu Samrah,35.3,37.18,53.55,69,7,8.43,SY,1585854468
429,Bariloche,-41.15,-71.31,69.8,19,0,3.36,AR,1585854468
430,Sattahip,12.67,100.9,88.0,74,20,6.93,TH,1585854469
431,Bereda,43.27,-7.54,53.01,76,52,10.29,ES,1585854469
432,Jesup,31.61,-81.89,71.6,35,1,5.82,US,1585854469
433,Nyurba,63.28,118.33,5.02,93,9,3.8,RU,1585854469
434,Mayahi,13.96,7.67,96.46,12,80,7.45,NE,1585854469
435,Ilo,-17.64,-71.34,75.45,62,5,9.48,PE,1585854243
436,Port Lincoln,-34.73,135.87,60.12,80,37,10.76,AU,1585854469
437,Granville,-33.83,151.02,64.0,93,20,2.84,AU,1585854469
438,Freiberg,50.92,13.37,46.4,49,12,3.36,DE,1585854469
439,Pécsvárad,46.16,18.42,42.8,56,16,2.24,HU,1585854469
440,Horasan,40.05,42.17,38.01,39,55,3.36,TR,1585854469
441,Lázaro Cárdenas,17.96,-102.2,86.07,47,0,8.05,MX,1585854469
442,Coolum Beach,-26.53,153.1,66.99,98,22,1.61,AU,1585854469
443,Disna,55.57,28.2,38.25,81,96,14.79,BY,1585854469
444,São João da Barra,-21.64,-41.05,86.0,66,20,4.7,BR,1585854469
445,Hofn,64.25,-15.21,27.3,84,37,24.83,IS,1585854469
446,Muscat,23.61,58.59,77.0,83,0,4.7,OM,1585854470
447,Sobolevo,54.43,31.9,34.59,82,65,10.87,RU,1585854470
448,Moa,20.66,-74.94,83.17,55,20,6.13,CU,1585854470
449,Bonavista,48.65,-53.11,37.0,87,10,5.99,CA,1585854470
450,La Ronge,55.1,-105.28,6.8,60,75,11.41,CA,1585854470
451,Terney,45.05,136.61,32.41,77,9,9.95,RU,1585854470
452,Yatou,37.15,122.38,44.13,62,11,10.38,CN,1585854305
453,Rio Brilhante,-21.8,-54.55,93.06,38,88,7.81,BR,1585854470
454,Karacabey,40.22,28.4,48.0,87,75,17.22,TR,1585854290
455,Pringsewu,-5.36,104.97,75.31,85,60,1.86,ID,1585854470
456,Saurimo,-9.66,20.39,68.0,71,100,2.24,AO,1585854470
457,Smithers,54.78,-127.17,21.2,48,75,10.29,CA,1585854470
458,Amazar,53.86,120.88,15.8,88,86,5.5,RU,1585854470
459,Cedar City,37.68,-113.06,44.6,36,90,8.05,US,1585854470
460,Nuevitas,21.55,-77.26,81.66,66,27,11.92,CU,1585854470
461,La Rochelle,46.17,-1.15,50.0,53,0,10.29,FR,1585854470
462,Geraldton,-28.77,114.6,60.8,77,100,10.29,AU,1585854471
463,Kavaratti,10.57,72.64,84.04,72,14,7.61,IN,1585854471
464,Honiara,-9.43,159.95,79.18,86,100,15.39,SB,1585854471
465,Verkhnevilyuysk,63.45,120.32,3.9,93,29,4.54,RU,1585854471
466,Bekwai,6.45,-1.58,83.39,66,100,6.2,GH,1585854471
467,‘Āhuimanu,21.44,-157.84,78.8,65,20,7.58,US,1585854471
468,Weinan,34.5,109.51,50.0,93,96,0.81,CN,1585854471
469,Kavieng,-2.57,150.8,82.9,75,57,5.93,PG,1585854471
470,Vestmannaeyjar,63.44,-20.27,33.8,43,59,17.22,IS,1585854471
471,Beruwala,6.48,79.98,77.76,79,2,7.25,LK,1585854471
472,Ust-Maya,60.42,134.53,-1.41,89,9,4.07,RU,1585854471
473,Haicheng,40.85,122.75,43.25,58,0,4.81,CN,1585854471
474,Altamira,-3.2,-52.21,87.8,70,75,3.36,BR,1585854380
475,Svetlaya,46.54,138.33,31.89,84,32,7.23,RU,1585854471
476,Khovu-Aksy,51.13,93.6,19.53,72,0,6.89,RU,1585854471
477,Bull Savanna,17.89,-77.59,80.53,57,16,5.19,JM,1585854472
478,Dvorichna,49.85,37.69,41.07,63,10,7.43,UA,1585854472
479,Anicuns,-16.46,-49.96,82.72,58,14,5.28,BR,1585854472
480,Mushie,-3.02,16.9,80.49,72,99,4.5,CD,1585854472
481,Pevek,69.7,170.31,1.98,94,99,7.11,RU,1585854197
482,Grafton,42.21,-71.69,48.2,65,90,21.92,US,1585854472
483,Celestún,20.87,-90.4,85.26,56,0,6.04,MX,1585854472
484,Mocajuba,-2.58,-49.51,85.39,78,90,3.15,BR,1585854472
485,Sault Ste. Marie,46.52,-84.33,50.0,34,1,10.29,CA,1585854441
486,Camopi,3.17,-52.32,74.61,92,100,3.67,GF,1585854472
487,Isangel,-19.55,169.27,77.0,100,90,11.23,VU,1585854472
488,Wagar,16.15,36.2,84.15,41,81,18.9,SD,1585854472
489,Isil'kul',54.91,71.27,30.31,95,66,12.35,RU,1585854472
490,Marawi,8.0,124.29,65.17,70,43,2.75,PH,1585854472
491,Baykit,61.67,96.37,30.31,94,84,6.62,RU,1585854472
492,Touros,-5.2,-35.46,84.2,79,75,11.41,BR,1585854249
493,Salekhard,66.53,66.6,16.14,93,64,12.86,RU,1585854473
494,Byron Bay,-28.65,153.62,71.01,94,39,1.12,AU,1585854257
495,Coffs Harbour,-30.3,153.13,69.8,88,54,9.17,AU,1585854473
496,Phan Thiet,10.93,108.1,75.58,84,2,10.38,VN,1585854473
497,Iracoubo,5.48,-53.2,82.36,76,82,12.93,GF,1585854473
498,Krasnogorsk,55.82,37.32,39.2,93,75,13.42,RU,1585854473
499,Yazykovo,55.22,56.14,30.18,93,98,11.61,RU,1585854473
500,Tomatlán,19.93,-105.25,89.31,27,0,9.51,MX,1585854473
501,Forest Acres,34.02,-80.99,66.2,34,1,6.93,US,1585854473
502,Tarare,45.9,4.43,53.6,62,38,8.05,FR,1585854218
503,Najrān,17.49,44.13,82.4,39,75,4.7,SA,1585854235
504,Zaoyang,32.13,112.75,53.69,78,98,3.69,CN,1585854473
505,Filingué,14.35,3.32,94.28,10,84,4.41,NE,1585854473
506,Pemba,-12.97,40.52,80.64,75,0,14.65,MZ,1585854473
507,Crestview,30.76,-86.57,77.0,28,1,9.17,US,1585854473
508,Urazovka,55.4,45.62,34.99,83,98,10.76,RU,1585854474
509,Anadyr,64.75,177.48,-2.2,84,67,8.95,RU,1585854474
510,Río Gallegos,-51.62,-69.22,62.6,36,75,16.11,AR,1585854235
511,Ridgecrest,35.62,-117.67,64.4,22,1,3.36,US,1585854307
512,Lábrea,-7.26,-64.8,91.87,53,84,1.59,BR,1585854474
513,Tecpan,14.76,-90.99,84.2,37,40,9.17,GT,1585854474
514,Oussouye,12.48,-16.55,98.6,69,5,4.7,SN,1585854474
515,Novyy Urgal,51.07,132.56,15.21,91,17,4.43,RU,1585854474
516,Fallon,39.47,-118.78,44.6,24,20,6.93,US,1585854243
517,Kaseda-shirakame,31.42,130.32,58.19,68,60,1.03,JP,1585854474
518,Zhigansk,66.77,123.37,2.23,93,47,1.41,RU,1585854474
519,Puri,19.8,85.85,82.4,74,2,5.82,IN,1585854474
520,Mwinilunga,-11.74,24.43,65.73,64,100,5.84,ZM,1585854474
521,Kamenka,51.32,42.77,36.0,50,52,4.0,RU,1585854474
522,Littleton,39.61,-105.02,27.0,85,90,11.41,US,1585854274
523,Atascadero,35.49,-120.67,64.4,58,1,6.35,US,1585854475
524,Itarema,-2.92,-39.92,83.41,81,100,10.58,BR,1585854476
525,Chabahar,25.29,60.64,75.54,66,0,4.68,IR,1585854476
526,Praxédis Guerrero,31.37,-106.02,75.99,13,5,13.87,MX,1585854476
527,Miraflores,19.22,-98.81,86.0,29,5,4.7,MX,1585854476
528,Nikolayevsk-on-Amur,53.14,140.73,28.13,95,100,7.38,RU,1585854476
529,Port Augusta,-32.5,137.77,69.01,82,96,6.93,AU,1585854476
530,Wanganui,-39.93,175.05,52.0,80,28,5.99,NZ,1585854476
531,Kichha,28.92,79.5,71.37,23,0,7.23,IN,1585854476
532,Ponta Delgada,37.73,-25.67,62.6,93,90,25.28,PT,1585854272
533,Katsuura,35.13,140.3,51.8,43,20,14.99,JP,1585854476
534,Challans,46.84,-1.87,50.0,53,75,8.05,FR,1585854476
535,General Pico,-35.66,-63.76,73.96,25,0,10.78,AR,1585854476
536,Palmer,42.16,-72.33,53.6,43,75,20.8,US,1585854476
537,San Cristobal,7.77,-72.22,86.0,58,40,11.41,VE,1585854198
538,Capaci,38.17,13.24,54.0,85,97,2.66,IT,1585854476
539,Wajir,1.75,40.06,89.6,55,5,5.95,KE,1585854477
540,Edelira,-26.75,-55.27,72.0,91,100,4.56,PY,1585854477
541,San Quintín,30.48,-115.95,64.13,63,45,13.69,MX,1585854477
542,Bad Frankenhausen,51.35,11.1,46.99,56,38,12.75,DE,1585854477
543,Halifax,44.65,-63.57,48.0,93,90,32.21,CA,1585854333
544,Tevriz,57.51,72.4,29.55,94,92,9.71,RU,1585854477
545,Naliya,23.27,68.83,75.43,81,0,9.86,IN,1585854477
546,Lampang,18.33,99.5,77.74,30,77,0.92,TH,1585854477
547,Ust-Tsilma,65.44,52.15,21.65,97,88,3.33,RU,1585854477
548,Barra,-11.09,-43.14,83.48,56,98,2.53,BR,1585854248
549,Camabatela,-8.19,15.38,66.43,70,100,3.74,AO,1585854477
550,Forio,40.73,13.86,53.01,57,57,5.82,IT,1585854477
551,Marrakesh,31.63,-8.01,68.0,34,20,5.82,MA,1585854217
552,Hervey Bay,-25.3,152.85,68.0,94,5,5.82,AU,1585854477
553,Lagoa,39.05,-27.98,61.18,93,100,14.05,PT,1585854477
554,Atar,20.52,-13.05,97.12,9,94,17.81,MR,1585854477
555,Coahuayana Viejo,18.73,-103.68,86.0,37,5,11.41,MX,1585854477
556,Sambava,-14.27,50.17,77.52,88,39,5.59,MG,1585854478
557,Kundiawa,-6.02,144.97,59.5,50,90,1.72,PG,1585854478
558,Vila Franca do Campo,37.72,-25.43,62.6,93,90,25.28,PT,1585854478
559,Cabedelo,-6.98,-34.83,84.2,83,40,12.75,BR,1585854467
560,Kidodi,-7.6,37.0,73.33,79,100,1.66,TZ,1585854478
561,Asău,46.43,26.4,43.0,38,38,12.75,RO,1585854478
562,Moerai,-22.43,-151.33,80.13,79,100,10.02,PF,1585854478
563,Hambantota,6.12,81.12,75.2,100,3,2.24,LK,1585854478
564,Washington,47.5,-120.5,45.0,32,1,4.7,US,1585854250
565,Bowen,-20.02,148.23,73.0,94,26,5.82,AU,1585854478
566,Ploemeur,47.73,-3.43,51.01,61,90,5.82,FR,1585854478
567,Antigonish,45.62,-62.0,44.01,100,90,19.46,CA,1585854478
568,Puerto del Rosario,28.5,-13.86,66.2,63,20,11.41,ES,1585854478
569,Takoradze,4.88,-1.76,82.56,79,100,7.25,GH,1585854353
570,Kodoli,16.88,74.2,79.72,36,28,6.2,IN,1585854478
